{
  "method": "5-fold OOF (승자 deeplabv3plus/effb3, fold별 모델·분류기, 임계 고정)",
  "postproc": {
    "min_prob": 0.6,
    "max_prob": 0.7,
    "min_area": 600
  },
  "gate_thr": [
    0.3,
    0.02,
    0.5,
    0.0
  ],
  "n_total": 12568,
  "folds": {
    "0": {
      "n": 2514,
      "ungated": 0.9531670998776373,
      "gated": 0.9542734458434325
    },
    "1": {
      "n": 2514,
      "ungated": 0.9530273895012796,
      "gated": 0.9539271600360691
    },
    "2": {
      "n": 2514,
      "ungated": 0.9517707574334463,
      "gated": 0.9523624763648756
    },
    "3": {
      "n": 2513,
      "ungated": 0.9509426649218251,
      "gated": 0.9522965567135571
    },
    "4": {
      "n": 2513,
      "ungated": 0.9531667570206797,
      "gated": 0.95313454955696
    }
  },
  "oof_ungated": 0.9524149910747769,
  "oof_gated": 0.9531989146101347,
  "oof_ungated_per_class": [
    0.9686071862246469,
    0.9900408296035726,
    0.867321875333798,
    0.9836900731370898
  ],
  "oof_gated_per_class": [
    0.9693739325738262,
    0.9902151578282273,
    0.8695164949013958,
    0.9836900731370898
  ],
  "delta": 0.0007839235353578333
}