{
  "auroc": 0.4234238882878779,
  "ap": 0.46266537871296304,
  "recall_at_fpr5": 0.027202072538860103,
  "n_normal_bank": 1200,
  "n_val": 1500,
  "bank": 40000,
  "vs_ae_0p70": -0.2788761117121221
}